{"MyShelfData":[{"length":777,"orientation":"horizontal","midPoint":{"x":-46,"y":-207},"depth":"200","thickness":"18","material":"2"},{"length":409,"orientation":"vertical","midPoint":{"x":342.5,"y":-2.5},"depth":"200","thickness":"18","material":"2"},{"length":505,"orientation":"horizontal","midPoint":{"x":90,"y":202},"depth":"200","thickness":"18","material":"2"},{"length":237,"orientation":"vertical","midPoint":{"x":-162.5,"y":83.5},"depth":"200","thickness":"18","material":"2"},{"length":272,"orientation":"horizontal","midPoint":{"x":-298.5,"y":-35},"depth":"200","thickness":"18","material":"2"},{"length":237,"orientation":"vertical","midPoint":{"x":-434.5,"y":83.5},"depth":"200","thickness":"18","material":"2"}]}