{"MyShelfData":[{"length":304,"orientation":"vertical","midPoint":{"x":-402.5,"y":-1},"depth":"210","thickness":"18","material":"2"},{"length":544,"orientation":"horizontal","midPoint":{"x":-130.5,"y":151},"depth":"210","thickness":"18","material":"2"},{"length":489,"orientation":"vertical","midPoint":{"x":141.5,"y":-93.5},"depth":"210","thickness":"18","material":"2"},{"length":574.5963800790952,"orientation":"incl","midPoint":{"x":-130.5,"y":-245.5},"depth":"210","thickness":"18","material":"2"}]}