{"MyShelfData":[{"length":545,"orientation":"horizontal","midPoint":{"x":-108,"y":-80.5},"depth":"150","thickness":"18","material":"4"},{"length":354,"orientation":"vertical","midPoint":{"x":164.5,"y":96.5},"depth":"150","thickness":"18","material":"4"},{"length":442,"orientation":"horizontal","midPoint":{"x":-56.5,"y":273.5},"depth":"150","thickness":"18","material":"4"},{"length":354,"orientation":"vertical","midPoint":{"x":-277.5,"y":96.5},"depth":"150","thickness":"18","material":"4"},{"length":442,"orientation":"horizontal","midPoint":{"x":-56.5,"y":97.5},"depth":"150","thickness":"18","material":"4"}]}