{"MyShelfData":[{"length":318,"orientation":"horizontal","midPoint":{"x":-354.5,"y":-217},"depth":"210","thickness":"18","material":"2"},{"length":328,"orientation":"vertical","midPoint":{"x":-195.5,"y":-53},"depth":"210","thickness":"18","material":"2"},{"length":383,"orientation":"horizontal","midPoint":{"x":-4,"y":111},"depth":"210","thickness":"18","material":"2"},{"length":170,"orientation":"vertical","midPoint":{"x":187.5,"y":26},"depth":"210","thickness":"18","material":"2"},{"length":701,"orientation":"horizontal","midPoint":{"x":-163,"y":-59},"depth":"210","thickness":"18","material":"2"},{"length":313,"orientation":"vertical","midPoint":{"x":-513.5,"y":97.5},"depth":"210","thickness":"18","material":"2"},{"length":701,"orientation":"horizontal","midPoint":{"x":-163,"y":254},"depth":"210","thickness":"18","material":"2"}]}